symbol,subcarrier,real,imag
2,0,0.70710678118654746,0.70710678118654746
2,2,0.70710678118654746,-0.70710678118654746
2,4,0.70710678118654746,0.70710678118654746
2,6,-0.70710678118654746,0.70710678118654746
2,8,-0.70710678118654746,0.70710678118654746
2,10,0.70710678118654746,0.70710678118654746
2,12,0.70710678118654746,0.70710678118654746
2,14,0.70710678118654746,0.70710678118654746
2,16,-0.70710678118654746,-0.70710678118654746
2,18,0.70710678118654746,-0.70710678118654746
2,20,0.70710678118654746,0.70710678118654746
2,22,0.70710678118654746,0.70710678118654746
2,24,0.70710678118654746,-0.70710678118654746
2,26,0.70710678118654746,0.70710678118654746
2,28,0.70710678118654746,-0.70710678118654746
2,30,-0.70710678118654746,-0.70710678118654746
2,32,-0.70710678118654746,-0.70710678118654746
2,34,0.70710678118654746,0.70710678118654746
2,36,-0.70710678118654746,0.70710678118654746
2,38,-0.70710678118654746,-0.70710678118654746
2,40,-0.70710678118654746,0.70710678118654746
2,42,-0.70710678118654746,-0.70710678118654746
2,44,0.70710678118654746,0.70710678118654746
2,46,0.70710678118654746,-0.70710678118654746
2,48,-0.70710678118654746,0.70710678118654746
2,50,-0.70710678118654746,-0.70710678118654746
2,52,-0.70710678118654746,-0.70710678118654746
2,54,0.70710678118654746,-0.70710678118654746
2,56,-0.70710678118654746,-0.70710678118654746
2,58,-0.70710678118654746,0.70710678118654746
2,60,-0.70710678118654746,0.70710678118654746
2,62,-0.70710678118654746,-0.70710678118654746
2,64,-0.70710678118654746,-0.70710678118654746
2,66,-0.70710678118654746,0.70710678118654746
2,68,0.70710678118654746,-0.70710678118654746
2,70,0.70710678118654746,-0.70710678118654746
2,72,-0.70710678118654746,-0.70710678118654746
2,74,0.70710678118654746,0.70710678118654746
2,76,-0.70710678118654746,-0.70710678118654746
2,78,-0.70710678118654746,-0.70710678118654746
2,80,-0.70710678118654746,0.70710678118654746
2,82,-0.70710678118654746,0.70710678118654746
2,84,-0.70710678118654746,0.70710678118654746
2,86,-0.70710678118654746,0.70710678118654746
2,88,0.70710678118654746,-0.70710678118654746
2,90,-0.70710678118654746,-0.70710678118654746
2,92,0.70710678118654746,0.70710678118654746
2,94,0.70710678118654746,-0.70710678118654746
2,96,-0.70710678118654746,-0.70710678118654746
2,98,-0.70710678118654746,-0.70710678118654746
2,100,0.70710678118654746,-0.70710678118654746
2,102,0.70710678118654746,0.70710678118654746
2,104,0.70710678118654746,0.70710678118654746
2,106,0.70710678118654746,-0.70710678118654746
2,108,-0.70710678118654746,-0.70710678118654746
2,110,-0.70710678118654746,-0.70710678118654746
2,112,0.70710678118654746,-0.70710678118654746
2,114,0.70710678118654746,-0.70710678118654746
2,116,-0.70710678118654746,0.70710678118654746
2,118,0.70710678118654746,0.70710678118654746
2,120,-0.70710678118654746,-0.70710678118654746
2,122,-0.70710678118654746,0.70710678118654746
2,124,-0.70710678118654746,0.70710678118654746
2,126,0.70710678118654746,0.70710678118654746
2,128,-0.70710678118654746,-0.70710678118654746
2,130,0.70710678118654746,0.70710678118654746
2,132,-0.70710678118654746,-0.70710678118654746
2,134,-0.70710678118654746,0.70710678118654746
2,136,-0.70710678118654746,0.70710678118654746
2,138,-0.70710678118654746,0.70710678118654746
2,140,-0.70710678118654746,0.70710678118654746
2,142,-0.70710678118654746,-0.70710678118654746
2,144,0.70710678118654746,0.70710678118654746
2,146,-0.70710678118654746,0.70710678118654746
2,148,-0.70710678118654746,-0.70710678118654746
2,150,0.70710678118654746,0.70710678118654746
2,152,-0.70710678118654746,-0.70710678118654746
2,154,0.70710678118654746,0.70710678118654746
2,156,0.70710678118654746,0.70710678118654746
2,158,0.70710678118654746,-0.70710678118654746
2,160,0.70710678118654746,-0.70710678118654746
2,162,-0.70710678118654746,0.70710678118654746
2,164,-0.70710678118654746,0.70710678118654746
2,166,0.70710678118654746,-0.70710678118654746
2,168,-0.70710678118654746,0.70710678118654746
2,170,-0.70710678118654746,0.70710678118654746
2,172,0.70710678118654746,-0.70710678118654746
2,174,0.70710678118654746,-0.70710678118654746
2,176,0.70710678118654746,-0.70710678118654746
2,178,0.70710678118654746,-0.70710678118654746
2,180,-0.70710678118654746,0.70710678118654746
2,182,0.70710678118654746,-0.70710678118654746
2,184,-0.70710678118654746,-0.70710678118654746
2,186,-0.70710678118654746,-0.70710678118654746
2,188,-0.70710678118654746,-0.70710678118654746
2,190,0.70710678118654746,-0.70710678118654746
2,192,0.70710678118654746,0.70710678118654746
2,194,0.70710678118654746,-0.70710678118654746
2,196,-0.70710678118654746,0.70710678118654746
2,198,-0.70710678118654746,0.70710678118654746
2,200,-0.70710678118654746,0.70710678118654746
2,202,0.70710678118654746,0.70710678118654746
2,204,-0.70710678118654746,0.70710678118654746
2,206,0.70710678118654746,-0.70710678118654746
2,208,0.70710678118654746,0.70710678118654746
2,210,-0.70710678118654746,0.70710678118654746
2,212,0.70710678118654746,0.70710678118654746
2,214,0.70710678118654746,0.70710678118654746
2,216,-0.70710678118654746,0.70710678118654746
2,218,0.70710678118654746,0.70710678118654746
2,220,0.70710678118654746,0.70710678118654746
2,222,-0.70710678118654746,-0.70710678118654746
2,224,-0.70710678118654746,-0.70710678118654746
2,226,0.70710678118654746,-0.70710678118654746
2,228,0.70710678118654746,0.70710678118654746
2,230,0.70710678118654746,-0.70710678118654746
2,232,0.70710678118654746,0.70710678118654746
2,234,-0.70710678118654746,0.70710678118654746
2,236,0.70710678118654746,-0.70710678118654746
2,238,0.70710678118654746,0.70710678118654746
11,0,0.70710678118654746,-0.70710678118654746
11,2,0.70710678118654746,0.70710678118654746
11,4,0.70710678118654746,0.70710678118654746
11,6,0.70710678118654746,-0.70710678118654746
11,8,-0.70710678118654746,0.70710678118654746
11,10,0.70710678118654746,0.70710678118654746
11,12,0.70710678118654746,-0.70710678118654746
11,14,0.70710678118654746,0.70710678118654746
11,16,-0.70710678118654746,-0.70710678118654746
11,18,-0.70710678118654746,-0.70710678118654746
11,20,0.70710678118654746,0.70710678118654746
11,22,0.70710678118654746,0.70710678118654746
11,24,0.70710678118654746,-0.70710678118654746
11,26,0.70710678118654746,0.70710678118654746
11,28,0.70710678118654746,-0.70710678118654746
11,30,-0.70710678118654746,-0.70710678118654746
11,32,-0.70710678118654746,0.70710678118654746
11,34,0.70710678118654746,0.70710678118654746
11,36,-0.70710678118654746,0.70710678118654746
11,38,0.70710678118654746,-0.70710678118654746
11,40,-0.70710678118654746,-0.70710678118654746
11,42,0.70710678118654746,0.70710678118654746
11,44,-0.70710678118654746,0.70710678118654746
11,46,-0.70710678118654746,0.70710678118654746
11,48,0.70710678118654746,-0.70710678118654746
11,50,-0.70710678118654746,-0.70710678118654746
11,52,-0.70710678118654746,-0.70710678118654746
11,54,0.70710678118654746,-0.70710678118654746
11,56,-0.70710678118654746,-0.70710678118654746
11,58,-0.70710678118654746,0.70710678118654746
11,60,-0.70710678118654746,-0.70710678118654746
11,62,0.70710678118654746,0.70710678118654746
11,64,0.70710678118654746,-0.70710678118654746
11,66,0.70710678118654746,-0.70710678118654746
11,68,-0.70710678118654746,-0.70710678118654746
11,70,0.70710678118654746,0.70710678118654746
11,72,-0.70710678118654746,0.70710678118654746
11,74,-0.70710678118654746,-0.70710678118654746
11,76,0.70710678118654746,-0.70710678118654746
11,78,0.70710678118654746,-0.70710678118654746
11,80,0.70710678118654746,0.70710678118654746
11,82,-0.70710678118654746,0.70710678118654746
11,84,-0.70710678118654746,0.70710678118654746
11,86,-0.70710678118654746,0.70710678118654746
11,88,0.70710678118654746,0.70710678118654746
11,90,-0.70710678118654746,0.70710678118654746
11,92,0.70710678118654746,-0.70710678118654746
11,94,-0.70710678118654746,0.70710678118654746
11,96,0.70710678118654746,0.70710678118654746
11,98,-0.70710678118654746,-0.70710678118654746
11,100,-0.70710678118654746,-0.70710678118654746
11,102,-0.70710678118654746,-0.70710678118654746
11,104,0.70710678118654746,-0.70710678118654746
11,106,-0.70710678118654746,-0.70710678118654746
11,108,-0.70710678118654746,-0.70710678118654746
11,110,0.70710678118654746,0.70710678118654746
11,112,0.70710678118654746,-0.70710678118654746
11,114,0.70710678118654746,-0.70710678118654746
11,116,-0.70710678118654746,-0.70710678118654746
11,118,-0.70710678118654746,0.70710678118654746
11,120,-0.70710678118654746,-0.70710678118654746
11,122,0.70710678118654746,-0.70710678118654746
11,124,-0.70710678118654746,0.70710678118654746
11,126,-0.70710678118654746,0.70710678118654746
11,128,-0.70710678118654746,0.70710678118654746
11,130,0.70710678118654746,-0.70710678118654746
11,132,-0.70710678118654746,0.70710678118654746
11,134,0.70710678118654746,0.70710678118654746
11,136,-0.70710678118654746,-0.70710678118654746
11,138,0.70710678118654746,0.70710678118654746
11,140,-0.70710678118654746,0.70710678118654746
11,142,0.70710678118654746,-0.70710678118654746
11,144,0.70710678118654746,-0.70710678118654746
11,146,-0.70710678118654746,0.70710678118654746
11,148,-0.70710678118654746,0.70710678118654746
11,150,-0.70710678118654746,0.70710678118654746
11,152,-0.70710678118654746,-0.70710678118654746
11,154,0.70710678118654746,-0.70710678118654746
11,156,-0.70710678118654746,0.70710678118654746
11,158,-0.70710678118654746,-0.70710678118654746
11,160,0.70710678118654746,-0.70710678118654746
11,162,0.70710678118654746,0.70710678118654746
11,164,-0.70710678118654746,0.70710678118654746
11,166,0.70710678118654746,-0.70710678118654746
11,168,-0.70710678118654746,-0.70710678118654746
11,170,0.70710678118654746,-0.70710678118654746
11,172,-0.70710678118654746,-0.70710678118654746
11,174,-0.70710678118654746,0.70710678118654746
11,176,-0.70710678118654746,0.70710678118654746
11,178,0.70710678118654746,-0.70710678118654746
11,180,-0.70710678118654746,-0.70710678118654746
11,182,0.70710678118654746,0.70710678118654746
11,184,-0.70710678118654746,-0.70710678118654746
11,186,0.70710678118654746,-0.70710678118654746
11,188,0.70710678118654746,0.70710678118654746
11,190,-0.70710678118654746,0.70710678118654746
11,192,-0.70710678118654746,-0.70710678118654746
11,194,0.70710678118654746,-0.70710678118654746
11,196,-0.70710678118654746,-0.70710678118654746
11,198,-0.70710678118654746,-0.70710678118654746
11,200,-0.70710678118654746,-0.70710678118654746
11,202,-0.70710678118654746,-0.70710678118654746
11,204,0.70710678118654746,0.70710678118654746
11,206,-0.70710678118654746,-0.70710678118654746
11,208,-0.70710678118654746,-0.70710678118654746
11,210,0.70710678118654746,0.70710678118654746
11,212,0.70710678118654746,-0.70710678118654746
11,214,0.70710678118654746,-0.70710678118654746
11,216,-0.70710678118654746,-0.70710678118654746
11,218,-0.70710678118654746,0.70710678118654746
11,220,0.70710678118654746,0.70710678118654746
11,222,0.70710678118654746,-0.70710678118654746
11,224,0.70710678118654746,0.70710678118654746
11,226,-0.70710678118654746,-0.70710678118654746
11,228,0.70710678118654746,0.70710678118654746
11,230,-0.70710678118654746,0.70710678118654746
11,232,0.70710678118654746,-0.70710678118654746
11,234,0.70710678118654746,0.70710678118654746
11,236,0.70710678118654746,0.70710678118654746
11,238,-0.70710678118654746,-0.70710678118654746
