waveform,trial,PAPR_dB
CP_OFDM,0,8.08023
DFT_s_OFDM,0,4.50797
CP_OFDM,1,5.4243
DFT_s_OFDM,1,5.08047
CP_OFDM,2,7.73974
DFT_s_OFDM,2,6.44286
CP_OFDM,3,8.04422
DFT_s_OFDM,3,4.77492
CP_OFDM,4,6.69224
DFT_s_OFDM,4,5.32176
CP_OFDM,5,7.35802
DFT_s_OFDM,5,4.71698
CP_OFDM,6,7.05311
DFT_s_OFDM,6,4.85114
CP_OFDM,7,7.14729
DFT_s_OFDM,7,5.74691
CP_OFDM,8,7.0975
DFT_s_OFDM,8,5.17182
CP_OFDM,9,6.58208
DFT_s_OFDM,9,4.59755
CP_OFDM,10,7.04525
DFT_s_OFDM,10,4.90904
CP_OFDM,11,6.94784
DFT_s_OFDM,11,4.85696
CP_OFDM,12,7.81798
DFT_s_OFDM,12,5.51721
CP_OFDM,13,7.01084
DFT_s_OFDM,13,4.6569
CP_OFDM,14,8.35393
DFT_s_OFDM,14,6.43899
CP_OFDM,15,6.92531
DFT_s_OFDM,15,4.81786
CP_OFDM,16,8.25571
DFT_s_OFDM,16,5.35544
CP_OFDM,17,7.9269
DFT_s_OFDM,17,5.39983
CP_OFDM,18,7.16915
DFT_s_OFDM,18,6.21728
CP_OFDM,19,7.84178
DFT_s_OFDM,19,5.13002
CP_OFDM,20,6.92855
DFT_s_OFDM,20,5.4553
CP_OFDM,21,6.68122
DFT_s_OFDM,21,4.36784
CP_OFDM,22,7.88867
DFT_s_OFDM,22,5.96061
CP_OFDM,23,7.1512
DFT_s_OFDM,23,4.62711
CP_OFDM,24,5.88471
DFT_s_OFDM,24,4.78112
CP_OFDM,25,8.94379
DFT_s_OFDM,25,5.31441
CP_OFDM,26,8.65055
DFT_s_OFDM,26,5.1927
CP_OFDM,27,8.04226
DFT_s_OFDM,27,4.55816
CP_OFDM,28,8.91725
DFT_s_OFDM,28,5.2674
CP_OFDM,29,7.95154
DFT_s_OFDM,29,4.83237
CP_OFDM,30,8.89841
DFT_s_OFDM,30,5.62061
CP_OFDM,31,7.74141
DFT_s_OFDM,31,5.88221
CP_OFDM,32,8.24217
DFT_s_OFDM,32,5.62269
CP_OFDM,33,7.3183
DFT_s_OFDM,33,7.01375
CP_OFDM,34,7.67726
DFT_s_OFDM,34,5.31666
CP_OFDM,35,8.77456
DFT_s_OFDM,35,4.64162
CP_OFDM,36,6.27913
DFT_s_OFDM,36,4.75833
CP_OFDM,37,8.52054
DFT_s_OFDM,37,6.51013
CP_OFDM,38,6.54689
DFT_s_OFDM,38,6.39682
CP_OFDM,39,7.49389
DFT_s_OFDM,39,5.22379
CP_OFDM,40,8.08818
DFT_s_OFDM,40,5.59506
CP_OFDM,41,6.34141
DFT_s_OFDM,41,6.32061
CP_OFDM,42,6.79473
DFT_s_OFDM,42,5.75381
CP_OFDM,43,7.54591
DFT_s_OFDM,43,5.44015
CP_OFDM,44,6.98784
DFT_s_OFDM,44,4.2
CP_OFDM,45,6.97041
DFT_s_OFDM,45,5.83246
CP_OFDM,46,8.03852
DFT_s_OFDM,46,5.78079
CP_OFDM,47,6.64484
DFT_s_OFDM,47,6.52049
CP_OFDM,48,7.21436
DFT_s_OFDM,48,4.699
CP_OFDM,49,6.79064
DFT_s_OFDM,49,5.11752
CP_OFDM,50,6.75857
DFT_s_OFDM,50,4.70158
CP_OFDM,51,7.82097
DFT_s_OFDM,51,5.10874
CP_OFDM,52,6.50454
DFT_s_OFDM,52,6.25792
CP_OFDM,53,7.49357
DFT_s_OFDM,53,4.82533
CP_OFDM,54,7.62559
DFT_s_OFDM,54,4.38948
CP_OFDM,55,8.06697
DFT_s_OFDM,55,4.26348
CP_OFDM,56,7.61831
DFT_s_OFDM,56,6.3011
CP_OFDM,57,5.49799
DFT_s_OFDM,57,5.08835
CP_OFDM,58,7.74815
DFT_s_OFDM,58,5.58546
CP_OFDM,59,6.8158
DFT_s_OFDM,59,5.89589
CP_OFDM,60,7.49194
DFT_s_OFDM,60,4.91911
CP_OFDM,61,8.03531
DFT_s_OFDM,61,6.20759
CP_OFDM,62,8.09656
DFT_s_OFDM,62,5.71466
CP_OFDM,63,7.59013
DFT_s_OFDM,63,4.79769
CP_OFDM,64,7.88736
DFT_s_OFDM,64,5.76769
CP_OFDM,65,7.65881
DFT_s_OFDM,65,5.02734
CP_OFDM,66,8.92504
DFT_s_OFDM,66,5.11931
CP_OFDM,67,7.51835
DFT_s_OFDM,67,4.93005
CP_OFDM,68,7.42462
DFT_s_OFDM,68,4.80447
CP_OFDM,69,7.31499
DFT_s_OFDM,69,5.51072
CP_OFDM,70,7.76288
DFT_s_OFDM,70,4.36618
CP_OFDM,71,7.8213
DFT_s_OFDM,71,4.52433
CP_OFDM,72,6.45581
DFT_s_OFDM,72,4.65325
CP_OFDM,73,7.39852
DFT_s_OFDM,73,6.08556
CP_OFDM,74,7.17395
DFT_s_OFDM,74,3.83577
CP_OFDM,75,6.90509
DFT_s_OFDM,75,5.26186
CP_OFDM,76,6.91428
DFT_s_OFDM,76,5.2851
CP_OFDM,77,6.23465
DFT_s_OFDM,77,5.81262
CP_OFDM,78,7.74337
DFT_s_OFDM,78,6.2297
CP_OFDM,79,8.67909
DFT_s_OFDM,79,5.29595
CP_OFDM,80,7.89893
DFT_s_OFDM,80,6.72958
CP_OFDM,81,7.96968
DFT_s_OFDM,81,6.62501
CP_OFDM,82,9.46045
DFT_s_OFDM,82,4.87463
CP_OFDM,83,6.16186
DFT_s_OFDM,83,4.60251
CP_OFDM,84,6.67842
DFT_s_OFDM,84,4.14435
CP_OFDM,85,7.16125
DFT_s_OFDM,85,4.30747
CP_OFDM,86,8.35163
DFT_s_OFDM,86,5.89617
CP_OFDM,87,7.81632
DFT_s_OFDM,87,5.28806
CP_OFDM,88,9.25853
DFT_s_OFDM,88,4.79595
CP_OFDM,89,7.00151
DFT_s_OFDM,89,5.04722
CP_OFDM,90,7.24994
DFT_s_OFDM,90,3.73466
CP_OFDM,91,7.56809
DFT_s_OFDM,91,4.70789
CP_OFDM,92,7.69782
DFT_s_OFDM,92,6.39206
CP_OFDM,93,8.83598
DFT_s_OFDM,93,6.18912
CP_OFDM,94,6.4594
DFT_s_OFDM,94,5.40701
CP_OFDM,95,8.48162
DFT_s_OFDM,95,5.17749
CP_OFDM,96,6.25577
DFT_s_OFDM,96,4.30062
CP_OFDM,97,7.53185
DFT_s_OFDM,97,5.77419
CP_OFDM,98,7.84152
DFT_s_OFDM,98,5.14738
CP_OFDM,99,6.62698
DFT_s_OFDM,99,5.7737
CP_OFDM,100,6.55084
DFT_s_OFDM,100,5.80015
CP_OFDM,101,6.973
DFT_s_OFDM,101,4.24262
CP_OFDM,102,7.69457
DFT_s_OFDM,102,6.45238
CP_OFDM,103,7.88539
DFT_s_OFDM,103,5.84686
CP_OFDM,104,7.54774
DFT_s_OFDM,104,5.58076
CP_OFDM,105,7.99584
DFT_s_OFDM,105,5.76567
CP_OFDM,106,8.68619
DFT_s_OFDM,106,5.48687
CP_OFDM,107,8.77337
DFT_s_OFDM,107,5.58379
CP_OFDM,108,7.87352
DFT_s_OFDM,108,4.65982
CP_OFDM,109,8.97459
DFT_s_OFDM,109,5.93987
CP_OFDM,110,7.34115
DFT_s_OFDM,110,4.3152
CP_OFDM,111,9.37075
DFT_s_OFDM,111,5.64311
CP_OFDM,112,8.66526
DFT_s_OFDM,112,4.73554
CP_OFDM,113,7.91768
DFT_s_OFDM,113,5.97743
CP_OFDM,114,8.57858
DFT_s_OFDM,114,6.44413
CP_OFDM,115,7.98927
DFT_s_OFDM,115,5.84506
CP_OFDM,116,7.20241
DFT_s_OFDM,116,4.91651
CP_OFDM,117,7.21896
DFT_s_OFDM,117,5.66666
CP_OFDM,118,7.4067
DFT_s_OFDM,118,4.52783
CP_OFDM,119,6.81212
DFT_s_OFDM,119,5.71914
CP_OFDM,120,7.04636
DFT_s_OFDM,120,5.68961
CP_OFDM,121,8.10911
DFT_s_OFDM,121,5.68921
CP_OFDM,122,8.14204
DFT_s_OFDM,122,5.2015
CP_OFDM,123,7.20323
DFT_s_OFDM,123,6.944
CP_OFDM,124,7.13226
DFT_s_OFDM,124,5.90197
CP_OFDM,125,7.54815
DFT_s_OFDM,125,5.99245
CP_OFDM,126,6.62308
DFT_s_OFDM,126,5.20809
CP_OFDM,127,7.89139
DFT_s_OFDM,127,4.92145
CP_OFDM,128,8.54691
DFT_s_OFDM,128,7.00461
CP_OFDM,129,8.32787
DFT_s_OFDM,129,6.17851
CP_OFDM,130,8.03572
DFT_s_OFDM,130,4.56219
CP_OFDM,131,10.0091
DFT_s_OFDM,131,5.68571
CP_OFDM,132,7.94508
DFT_s_OFDM,132,6.04939
CP_OFDM,133,6.3035
DFT_s_OFDM,133,5.74966
CP_OFDM,134,7.49732
DFT_s_OFDM,134,5.75411
CP_OFDM,135,6.18983
DFT_s_OFDM,135,5.47726
CP_OFDM,136,7.36899
DFT_s_OFDM,136,5.01427
CP_OFDM,137,7.70111
DFT_s_OFDM,137,6.43984
CP_OFDM,138,7.14731
DFT_s_OFDM,138,5.12029
CP_OFDM,139,7.0379
DFT_s_OFDM,139,6.4073
CP_OFDM,140,8.79596
DFT_s_OFDM,140,5.9412
CP_OFDM,141,5.51628
DFT_s_OFDM,141,5.8332
CP_OFDM,142,6.49304
DFT_s_OFDM,142,5.32432
CP_OFDM,143,8.80658
DFT_s_OFDM,143,6.09521
CP_OFDM,144,8.69673
DFT_s_OFDM,144,3.90471
CP_OFDM,145,6.69283
DFT_s_OFDM,145,6.14957
CP_OFDM,146,8.39926
DFT_s_OFDM,146,5.98474
CP_OFDM,147,8.81654
DFT_s_OFDM,147,5.18037
CP_OFDM,148,6.70458
DFT_s_OFDM,148,5.78295
CP_OFDM,149,6.26297
DFT_s_OFDM,149,5.48881
CP_OFDM,150,6.60089
DFT_s_OFDM,150,6.89552
CP_OFDM,151,7.15504
DFT_s_OFDM,151,5.19474
CP_OFDM,152,7.484
DFT_s_OFDM,152,5.40256
CP_OFDM,153,7.0543
DFT_s_OFDM,153,4.50841
CP_OFDM,154,6.21838
DFT_s_OFDM,154,5.98109
CP_OFDM,155,6.34399
DFT_s_OFDM,155,4.85725
CP_OFDM,156,7.1282
DFT_s_OFDM,156,6.31068
CP_OFDM,157,7.20748
DFT_s_OFDM,157,5.46977
CP_OFDM,158,9.46882
DFT_s_OFDM,158,6.29743
CP_OFDM,159,7.40658
DFT_s_OFDM,159,5.0828
CP_OFDM,160,6.4578
DFT_s_OFDM,160,5.66906
CP_OFDM,161,8.54666
DFT_s_OFDM,161,4.68358
CP_OFDM,162,7.41858
DFT_s_OFDM,162,5.26725
CP_OFDM,163,6.85681
DFT_s_OFDM,163,5.90583
CP_OFDM,164,7.43518
DFT_s_OFDM,164,4.45993
CP_OFDM,165,7.28556
DFT_s_OFDM,165,6.22448
CP_OFDM,166,8.60514
DFT_s_OFDM,166,6.50754
CP_OFDM,167,7.85056
DFT_s_OFDM,167,5.12547
CP_OFDM,168,8.33283
DFT_s_OFDM,168,5.58873
CP_OFDM,169,7.73751
DFT_s_OFDM,169,5.35156
CP_OFDM,170,6.52951
DFT_s_OFDM,170,6.36771
CP_OFDM,171,7.65267
DFT_s_OFDM,171,5.87741
CP_OFDM,172,7.46739
DFT_s_OFDM,172,5.40201
CP_OFDM,173,8.70466
DFT_s_OFDM,173,4.83004
CP_OFDM,174,7.42594
DFT_s_OFDM,174,4.62851
CP_OFDM,175,6.95743
DFT_s_OFDM,175,4.81345
CP_OFDM,176,7.79979
DFT_s_OFDM,176,5.60038
CP_OFDM,177,7.70659
DFT_s_OFDM,177,6.95071
CP_OFDM,178,9.17915
DFT_s_OFDM,178,4.91998
CP_OFDM,179,7.66216
DFT_s_OFDM,179,4.62949
CP_OFDM,180,7.67913
DFT_s_OFDM,180,4.87608
CP_OFDM,181,6.61088
DFT_s_OFDM,181,7.3472
CP_OFDM,182,7.08797
DFT_s_OFDM,182,6.48654
CP_OFDM,183,6.35274
DFT_s_OFDM,183,5.66916
CP_OFDM,184,7.71259
DFT_s_OFDM,184,4.78785
CP_OFDM,185,7.84741
DFT_s_OFDM,185,5.15644
CP_OFDM,186,7.42889
DFT_s_OFDM,186,4.82127
CP_OFDM,187,7.55609
DFT_s_OFDM,187,5.92527
CP_OFDM,188,8.54562
DFT_s_OFDM,188,4.48671
CP_OFDM,189,7.35929
DFT_s_OFDM,189,4.14475
CP_OFDM,190,5.92476
DFT_s_OFDM,190,4.28618
CP_OFDM,191,7.56995
DFT_s_OFDM,191,5.43783
CP_OFDM,192,7.01743
DFT_s_OFDM,192,6.68379
CP_OFDM,193,6.8085
DFT_s_OFDM,193,5.74997
CP_OFDM,194,6.96098
DFT_s_OFDM,194,5.85535
CP_OFDM,195,7.26155
DFT_s_OFDM,195,4.55806
CP_OFDM,196,7.00102
DFT_s_OFDM,196,5.58499
CP_OFDM,197,6.92914
DFT_s_OFDM,197,6.09981
CP_OFDM,198,6.58327
DFT_s_OFDM,198,4.84165
CP_OFDM,199,7.2474
DFT_s_OFDM,199,4.12186
CP_OFDM,200,6.73347
DFT_s_OFDM,200,5.46429
CP_OFDM,201,8.60879
DFT_s_OFDM,201,5.03214
CP_OFDM,202,6.61711
DFT_s_OFDM,202,5.21248
CP_OFDM,203,6.89258
DFT_s_OFDM,203,4.86285
CP_OFDM,204,6.93841
DFT_s_OFDM,204,6.02876
CP_OFDM,205,7.41398
DFT_s_OFDM,205,4.98626
CP_OFDM,206,7.41778
DFT_s_OFDM,206,5.34357
CP_OFDM,207,7.83556
DFT_s_OFDM,207,4.25932
CP_OFDM,208,6.81025
DFT_s_OFDM,208,4.5016
CP_OFDM,209,7.42056
DFT_s_OFDM,209,4.99326
CP_OFDM,210,8.20621
DFT_s_OFDM,210,5.69725
CP_OFDM,211,5.73883
DFT_s_OFDM,211,5.24283
CP_OFDM,212,8.10496
DFT_s_OFDM,212,5.23153
CP_OFDM,213,7.11054
DFT_s_OFDM,213,5.95675
CP_OFDM,214,8.05048
DFT_s_OFDM,214,5.21659
CP_OFDM,215,6.93411
DFT_s_OFDM,215,5.75117
CP_OFDM,216,6.83679
DFT_s_OFDM,216,5.54529
CP_OFDM,217,10.5005
DFT_s_OFDM,217,7.88082
CP_OFDM,218,8.02377
DFT_s_OFDM,218,6.13565
CP_OFDM,219,8.44164
DFT_s_OFDM,219,4.61902
CP_OFDM,220,7.63405
DFT_s_OFDM,220,5.4026
CP_OFDM,221,7.67333
DFT_s_OFDM,221,5.26354
CP_OFDM,222,6.23497
DFT_s_OFDM,222,5.27708
CP_OFDM,223,7.91211
DFT_s_OFDM,223,5.8268
CP_OFDM,224,6.42685
DFT_s_OFDM,224,5.33756
CP_OFDM,225,7.49553
DFT_s_OFDM,225,5.13891
CP_OFDM,226,7.14463
DFT_s_OFDM,226,5.05333
CP_OFDM,227,7.13663
DFT_s_OFDM,227,6.22264
CP_OFDM,228,7.79668
DFT_s_OFDM,228,6.97355
CP_OFDM,229,6.70434
DFT_s_OFDM,229,4.77206
CP_OFDM,230,6.99056
DFT_s_OFDM,230,4.77322
CP_OFDM,231,8.32147
DFT_s_OFDM,231,5.46003
CP_OFDM,232,8.52078
DFT_s_OFDM,232,4.65065
CP_OFDM,233,7.80117
DFT_s_OFDM,233,5.68841
CP_OFDM,234,6.58266
DFT_s_OFDM,234,5.72408
CP_OFDM,235,8.49641
DFT_s_OFDM,235,5.47678
CP_OFDM,236,7.02159
DFT_s_OFDM,236,4.60904
CP_OFDM,237,8.23283
DFT_s_OFDM,237,6.25128
CP_OFDM,238,7.3416
DFT_s_OFDM,238,5.96199
CP_OFDM,239,8.22896
DFT_s_OFDM,239,6.6001
CP_OFDM,240,9.98328
DFT_s_OFDM,240,5.24996
CP_OFDM,241,7.20262
DFT_s_OFDM,241,6.19318
CP_OFDM,242,7.42938
DFT_s_OFDM,242,5.05523
CP_OFDM,243,8.29367
DFT_s_OFDM,243,4.90884
CP_OFDM,244,8.32888
DFT_s_OFDM,244,4.76764
CP_OFDM,245,8.33989
DFT_s_OFDM,245,5.59811
CP_OFDM,246,8.66308
DFT_s_OFDM,246,4.46621
CP_OFDM,247,9.53615
DFT_s_OFDM,247,5.973
CP_OFDM,248,7.59654
DFT_s_OFDM,248,5.00173
CP_OFDM,249,7.97025
DFT_s_OFDM,249,6.91493
CP_OFDM,250,7.1975
DFT_s_OFDM,250,4.1443
CP_OFDM,251,7.82285
DFT_s_OFDM,251,5.44524
CP_OFDM,252,7.84127
DFT_s_OFDM,252,4.74334
CP_OFDM,253,6.74485
DFT_s_OFDM,253,5.40913
CP_OFDM,254,9.28085
DFT_s_OFDM,254,3.8589
CP_OFDM,255,8.31081
DFT_s_OFDM,255,5.49714
CP_OFDM,256,7.64797
DFT_s_OFDM,256,6.52166
CP_OFDM,257,9.41891
DFT_s_OFDM,257,5.26445
CP_OFDM,258,7.20859
DFT_s_OFDM,258,5.59072
CP_OFDM,259,7.86382
DFT_s_OFDM,259,4.89886
CP_OFDM,260,7.70372
DFT_s_OFDM,260,5.42134
CP_OFDM,261,8.0442
DFT_s_OFDM,261,4.65328
CP_OFDM,262,7.40572
DFT_s_OFDM,262,6.11032
CP_OFDM,263,6.14085
DFT_s_OFDM,263,4.92958
CP_OFDM,264,7.74024
DFT_s_OFDM,264,6.8262
CP_OFDM,265,7.52161
DFT_s_OFDM,265,5.96791
CP_OFDM,266,6.54075
DFT_s_OFDM,266,5.10334
CP_OFDM,267,8.48437
DFT_s_OFDM,267,5.85362
CP_OFDM,268,8.0298
DFT_s_OFDM,268,5.22504
CP_OFDM,269,8.08826
DFT_s_OFDM,269,5.44752
CP_OFDM,270,6.64445
DFT_s_OFDM,270,5.16455
CP_OFDM,271,7.69667
DFT_s_OFDM,271,5.60819
CP_OFDM,272,9.36833
DFT_s_OFDM,272,5.96842
CP_OFDM,273,7.41503
DFT_s_OFDM,273,6.11573
CP_OFDM,274,8.07001
DFT_s_OFDM,274,5.1888
CP_OFDM,275,5.93459
DFT_s_OFDM,275,4.8353
CP_OFDM,276,7.29432
DFT_s_OFDM,276,5.76814
CP_OFDM,277,8.66815
DFT_s_OFDM,277,5.10274
CP_OFDM,278,6.4457
DFT_s_OFDM,278,5.87442
CP_OFDM,279,8.02582
DFT_s_OFDM,279,4.2545
CP_OFDM,280,8.04772
DFT_s_OFDM,280,5.20416
CP_OFDM,281,7.59604
DFT_s_OFDM,281,6.58459
CP_OFDM,282,7.96692
DFT_s_OFDM,282,4.56882
CP_OFDM,283,7.94241
DFT_s_OFDM,283,5.05962
CP_OFDM,284,6.80806
DFT_s_OFDM,284,5.94507
CP_OFDM,285,5.86336
DFT_s_OFDM,285,5.67983
CP_OFDM,286,6.37844
DFT_s_OFDM,286,5.43484
CP_OFDM,287,8.95862
DFT_s_OFDM,287,5.48013
CP_OFDM,288,6.87915
DFT_s_OFDM,288,4.56517
CP_OFDM,289,7.18869
DFT_s_OFDM,289,5.47683
CP_OFDM,290,7.90767
DFT_s_OFDM,290,5.03511
CP_OFDM,291,8.66308
DFT_s_OFDM,291,6.76476
CP_OFDM,292,8.1253
DFT_s_OFDM,292,6.24594
CP_OFDM,293,7.20603
DFT_s_OFDM,293,4.43486
CP_OFDM,294,9.02695
DFT_s_OFDM,294,5.34811
CP_OFDM,295,6.80763
DFT_s_OFDM,295,5.30771
CP_OFDM,296,8.46838
DFT_s_OFDM,296,5.42866
CP_OFDM,297,9.43091
DFT_s_OFDM,297,5.39371
CP_OFDM,298,7.91549
DFT_s_OFDM,298,4.84883
CP_OFDM,299,8.26757
DFT_s_OFDM,299,6.06026
CP_OFDM,300,8.26469
DFT_s_OFDM,300,4.25057
CP_OFDM,301,7.83065
DFT_s_OFDM,301,5.49929
CP_OFDM,302,7.52498
DFT_s_OFDM,302,5.18823
CP_OFDM,303,8.70621
DFT_s_OFDM,303,5.67159
CP_OFDM,304,7.27229
DFT_s_OFDM,304,6.40556
CP_OFDM,305,7.39922
DFT_s_OFDM,305,6.53931
CP_OFDM,306,6.66486
DFT_s_OFDM,306,4.8187
CP_OFDM,307,7.67154
DFT_s_OFDM,307,5.34681
CP_OFDM,308,6.94874
DFT_s_OFDM,308,6.22787
CP_OFDM,309,6.0731
DFT_s_OFDM,309,5.09285
CP_OFDM,310,8.55076
DFT_s_OFDM,310,4.07293
CP_OFDM,311,6.94976
DFT_s_OFDM,311,5.17558
CP_OFDM,312,6.92088
DFT_s_OFDM,312,4.51541
CP_OFDM,313,6.95614
DFT_s_OFDM,313,5.2831
CP_OFDM,314,7.13238
DFT_s_OFDM,314,5.02451
CP_OFDM,315,8.00173
DFT_s_OFDM,315,5.45224
CP_OFDM,316,7.20951
DFT_s_OFDM,316,5.4628
CP_OFDM,317,6.76768
DFT_s_OFDM,317,5.76326
CP_OFDM,318,7.30904
DFT_s_OFDM,318,6.14727
CP_OFDM,319,6.91033
DFT_s_OFDM,319,5.77827
CP_OFDM,320,7.12916
DFT_s_OFDM,320,5.96634
CP_OFDM,321,7.04463
DFT_s_OFDM,321,4.66854
CP_OFDM,322,7.60225
DFT_s_OFDM,322,4.84054
CP_OFDM,323,6.94555
DFT_s_OFDM,323,5.46729
CP_OFDM,324,7.35379
DFT_s_OFDM,324,4.49827
CP_OFDM,325,10.0425
DFT_s_OFDM,325,4.73948
CP_OFDM,326,6.04754
DFT_s_OFDM,326,5.31192
CP_OFDM,327,6.49993
DFT_s_OFDM,327,5.48186
CP_OFDM,328,8.31392
DFT_s_OFDM,328,4.84166
CP_OFDM,329,7.23226
DFT_s_OFDM,329,4.48908
CP_OFDM,330,6.61877
DFT_s_OFDM,330,5.73312
CP_OFDM,331,8.06095
DFT_s_OFDM,331,5.11212
CP_OFDM,332,6.98599
DFT_s_OFDM,332,5.7867
CP_OFDM,333,5.56315
DFT_s_OFDM,333,6.14672
CP_OFDM,334,9.01508
DFT_s_OFDM,334,4.68394
CP_OFDM,335,8.22955
DFT_s_OFDM,335,5.22625
CP_OFDM,336,8.82157
DFT_s_OFDM,336,5.63529
CP_OFDM,337,8.46414
DFT_s_OFDM,337,5.44255
CP_OFDM,338,7.9075
DFT_s_OFDM,338,5.6824
CP_OFDM,339,8.15523
DFT_s_OFDM,339,5.36943
CP_OFDM,340,7.86008
DFT_s_OFDM,340,6.03075
CP_OFDM,341,7.9838
DFT_s_OFDM,341,4.96485
CP_OFDM,342,7.45529
DFT_s_OFDM,342,5.12224
CP_OFDM,343,8.6048
DFT_s_OFDM,343,5.85625
CP_OFDM,344,7.31855
DFT_s_OFDM,344,5.41236
CP_OFDM,345,7.30385
DFT_s_OFDM,345,6.07795
CP_OFDM,346,8.54506
DFT_s_OFDM,346,5.54942
CP_OFDM,347,7.76118
DFT_s_OFDM,347,5.41209
CP_OFDM,348,7.63332
DFT_s_OFDM,348,5.1729
CP_OFDM,349,7.33361
DFT_s_OFDM,349,6.03379
CP_OFDM,350,6.515
DFT_s_OFDM,350,5.50521
CP_OFDM,351,7.85274
DFT_s_OFDM,351,6.70229
CP_OFDM,352,6.87386
DFT_s_OFDM,352,5.25302
CP_OFDM,353,7.75644
DFT_s_OFDM,353,5.08296
CP_OFDM,354,8.45933
DFT_s_OFDM,354,6.9953
CP_OFDM,355,6.84584
DFT_s_OFDM,355,4.80018
CP_OFDM,356,8.03519
DFT_s_OFDM,356,6.24182
CP_OFDM,357,8.04218
DFT_s_OFDM,357,5.39558
CP_OFDM,358,7.25182
DFT_s_OFDM,358,4.99087
CP_OFDM,359,7.40417
DFT_s_OFDM,359,5.25114
CP_OFDM,360,8.11344
DFT_s_OFDM,360,5.2154
CP_OFDM,361,6.71363
DFT_s_OFDM,361,5.01432
CP_OFDM,362,7.01724
DFT_s_OFDM,362,5.85894
CP_OFDM,363,7.53494
DFT_s_OFDM,363,4.68013
CP_OFDM,364,8.6043
DFT_s_OFDM,364,4.46256
CP_OFDM,365,6.92361
DFT_s_OFDM,365,7.07137
CP_OFDM,366,6.75123
DFT_s_OFDM,366,6.03481
CP_OFDM,367,8.17666
DFT_s_OFDM,367,4.97132
CP_OFDM,368,7.66676
DFT_s_OFDM,368,6.40784
CP_OFDM,369,6.6772
DFT_s_OFDM,369,5.03457
CP_OFDM,370,7.17527
DFT_s_OFDM,370,4.95411
CP_OFDM,371,7.16231
DFT_s_OFDM,371,5.17832
CP_OFDM,372,7.89895
DFT_s_OFDM,372,5.93478
CP_OFDM,373,8.47584
DFT_s_OFDM,373,5.30917
CP_OFDM,374,7.32073
DFT_s_OFDM,374,6.04467
CP_OFDM,375,6.02769
DFT_s_OFDM,375,5.20849
CP_OFDM,376,8.78219
DFT_s_OFDM,376,6.40306
CP_OFDM,377,8.55662
DFT_s_OFDM,377,5.46484
CP_OFDM,378,7.60015
DFT_s_OFDM,378,5.34447
CP_OFDM,379,8.72505
DFT_s_OFDM,379,4.31013
CP_OFDM,380,8.67166
DFT_s_OFDM,380,5.48167
CP_OFDM,381,8.56572
DFT_s_OFDM,381,5.36596
CP_OFDM,382,6.00539
DFT_s_OFDM,382,5.99873
CP_OFDM,383,7.95572
DFT_s_OFDM,383,5.13394
CP_OFDM,384,6.92511
DFT_s_OFDM,384,6.77658
CP_OFDM,385,6.40494
DFT_s_OFDM,385,6.60084
CP_OFDM,386,9.4355
DFT_s_OFDM,386,4.43658
CP_OFDM,387,7.77342
DFT_s_OFDM,387,4.9048
CP_OFDM,388,8.16176
DFT_s_OFDM,388,6.23488
CP_OFDM,389,7.74492
DFT_s_OFDM,389,4.47653
CP_OFDM,390,7.59234
DFT_s_OFDM,390,5.30821
CP_OFDM,391,6.59063
DFT_s_OFDM,391,5.52439
CP_OFDM,392,6.96757
DFT_s_OFDM,392,5.54065
CP_OFDM,393,8.17977
DFT_s_OFDM,393,4.79052
CP_OFDM,394,6.72541
DFT_s_OFDM,394,3.86025
CP_OFDM,395,6.63649
DFT_s_OFDM,395,4.82939
CP_OFDM,396,8.22218
DFT_s_OFDM,396,5.65176
CP_OFDM,397,7.67472
DFT_s_OFDM,397,5.76314
CP_OFDM,398,8.62512
DFT_s_OFDM,398,5.9985
CP_OFDM,399,8.0202
DFT_s_OFDM,399,6.08878
